recording_id,issue_type,detail,severity
fd398df9d9ef0cdabc77f9f6c2348412c428feaa,missing_field,sample_rate,error
ad609d7adc96bfbd0208668ce22676bed9e70589,missing_field,sample_rate,error
ad609d7adc96bfbd0208668ce22676bed9e70589,missing_gender,gender null or unrecognized,note
ad99c5742abc36afd3589a1d9049c2747e67bf48,missing_field,sample_rate,error
ad99c5742abc36afd3589a1d9049c2747e67bf48,missing_gender,gender null or unrecognized,note
20594035a59f8a334e0368855c724676c6d214b1,missing_field,sample_rate,error
8c92218983ca39d0b79e93ef03d2421fc544d68d,missing_field,sample_rate,error
39de1b77640e790a229e126d9cb1883e58f8e710,missing_field,sample_rate,error
8afe81b19ee0b6f4082e52acf32b266d6e220455,missing_field,sample_rate,error
8afe81b19ee0b6f4082e52acf32b266d6e220455,missing_gender,gender null or unrecognized,note
3eb8b4c6fe608d385a39cc6f10c2a0157ca49572,missing_field,sample_rate,error
c5599b0e246c56aff14fbf099d81666f3bb31088,missing_field,sample_rate,error
c5599b0e246c56aff14fbf099d81666f3bb31088,missing_gender,gender null or unrecognized,note
598318bed47eb5dc41a8eb58b05b6f0524c7530b,missing_field,sample_rate,error
47ee96b9b8e59035928e214503dbda7b7e029718,missing_gender,gender null or unrecognized,note
95f14d6c8a77edc5b878cb137202fdb466a6d4aa,missing_field,sample_rate,error
95f14d6c8a77edc5b878cb137202fdb466a6d4aa,missing_gender,gender null or unrecognized,note
431e71a851ba23d07c5dd4552d8f7f3e2a3aa75f,missing_field,sample_rate,error
431e71a851ba23d07c5dd4552d8f7f3e2a3aa75f,missing_gender,gender null or unrecognized,note
4855018cb056918820b3cf50f55f570580ac6df5,missing_field,sample_rate,error
4855018cb056918820b3cf50f55f570580ac6df5,missing_gender,gender null or unrecognized,note
48bd9fa0496c704307f27832573d5b98762c029f,missing_gender,gender null or unrecognized,note
27937d9ce8536c4e3b1bf71cf4ede8f25d41ff3a,missing_gender,gender null or unrecognized,note
ca030f2e3ea27766d0bc9fe77a83c0accbf8d11b,missing_field,sample_rate,error
ca030f2e3ea27766d0bc9fe77a83c0accbf8d11b,missing_gender,gender null or unrecognized,note
097bd7662a902572c03b6e7df0e83ab046e6493b,missing_field,sample_rate,error
097bd7662a902572c03b6e7df0e83ab046e6493b,missing_gender,gender null or unrecognized,note
dd1381ec9c33670aecd12ed72b03c1f517ad97ad,missing_field,sample_rate,error
dd1381ec9c33670aecd12ed72b03c1f517ad97ad,missing_gender,gender null or unrecognized,note
0e6e88029b4f0f6c90b6a4bde856806af356d536,missing_gender,gender null or unrecognized,note
319625af88ec31526f3b176a64acdf55303b0bce,missing_field,sample_rate,error
319625af88ec31526f3b176a64acdf55303b0bce,missing_gender,gender null or unrecognized,note
5fec65251a5829329ae949c5f17086db98cb0b08,missing_field,sample_rate,error
5fec65251a5829329ae949c5f17086db98cb0b08,missing_gender,gender null or unrecognized,note
148af27fd0a393196f8532134cd2ceed7c8d1f4b,missing_field,sample_rate,error
dbc2235adec0b562c36404a3159dc5394e2ad1d5,missing_field,sample_rate,error
1e668f9232f8f30ce09be9abf1af7f4c188b9ca2,missing_field,sample_rate,error
af512749b9d524f308847d634b7a2e9bd594f4d0,missing_field,sample_rate,error
5fbcdfc72c87e897eadfcb0ae073100ada3f9c8e,missing_field,sample_rate,error
5fbcdfc72c87e897eadfcb0ae073100ada3f9c8e,missing_gender,gender null or unrecognized,note
26367db35173c4fd135a6f1f597491415741b8b1,missing_field,sample_rate,error
26367db35173c4fd135a6f1f597491415741b8b1,missing_gender,gender null or unrecognized,note
9499e8ba4786af1b1e25e93f3244703a2491da0c,missing_field,sample_rate,error
96fbb9ed7328693a8073383d2dd4a68856f19a10,missing_field,sample_rate,error
96fbb9ed7328693a8073383d2dd4a68856f19a10,missing_gender,gender null or unrecognized,note
d0227af3008865daecfa02e878e1c38f9a060fd9,missing_field,sample_rate,error
9140d5ea530674ea2c62f94ecd3ef34fa1a064b1,missing_field,sample_rate,error
9140d5ea530674ea2c62f94ecd3ef34fa1a064b1,missing_gender,gender null or unrecognized,note
9a7c902263b997f82de2e4e0e648003393664b6b,missing_field,sample_rate,error
9a7c902263b997f82de2e4e0e648003393664b6b,missing_gender,gender null or unrecognized,note
d815b363eb191473ff00226116ef12f4e3862516,missing_field,sample_rate,error
d815b363eb191473ff00226116ef12f4e3862516,missing_gender,gender null or unrecognized,note
31efc7dd807d0fec05aac53d8edf9e6db0e58d3f,missing_field,sample_rate,error
31efc7dd807d0fec05aac53d8edf9e6db0e58d3f,missing_field,patient_id,warning
31efc7dd807d0fec05aac53d8edf9e6db0e58d3f,missing_gender,gender null or unrecognized,note
b5417f5399763bd2d255bc0ef002ec51821f7eea,missing_field,sample_rate,error
b5417f5399763bd2d255bc0ef002ec51821f7eea,missing_gender,gender null or unrecognized,note
beef99fca0e47fa237976713860bcf87ea971547,missing_gender,gender null or unrecognized,note
db44f1ed45488a7b5cdbdf75e74b3b510d2f12e9,missing_field,sample_rate,error
db44f1ed45488a7b5cdbdf75e74b3b510d2f12e9,missing_gender,gender null or unrecognized,note
d33308a5def3b9c6361c9db3f52d2a7c40b32b43,missing_field,sample_rate,error
d33308a5def3b9c6361c9db3f52d2a7c40b32b43,missing_gender,gender null or unrecognized,note
594c3968b01f9d87fed6c3bc1bdd4b2498c08834,missing_gender,gender null or unrecognized,note
6716f56b650a37dad3e6b94e99a8a848a113500a,missing_field,sample_rate,error
6716f56b650a37dad3e6b94e99a8a848a113500a,missing_gender,gender null or unrecognized,note
eb9ba69498bf2723f0eaf4fea5e45afb6822d0f8,missing_field,sample_rate,error
b9c841b48bfb58abd834187d6008ba5cf3b63088,missing_field,sample_rate,error
b9c841b48bfb58abd834187d6008ba5cf3b63088,missing_gender,gender null or unrecognized,note
74bd50a5c0388cd9999d5978128c75b013cd67eb,missing_field,sample_rate,error
74bd50a5c0388cd9999d5978128c75b013cd67eb,missing_field,patient_id,warning
f27cb213747efc1d0f1b5587e5a6fce58fb889a1,missing_field,sample_rate,error
9e81de6602678a3649bd07de252a8e8320b204be,missing_field,sample_rate,error
c5cd05ca6ed05ed7184b27bc5dc3ea0a442ad8c1,missing_field,patient_id,warning
c5cd05ca6ed05ed7184b27bc5dc3ea0a442ad8c1,missing_gender,gender null or unrecognized,note
845d35a0560d30814e3161f9068ea2fc8571c907,missing_field,patient_id,warning
845d35a0560d30814e3161f9068ea2fc8571c907,missing_gender,gender null or unrecognized,note
615711ade98073a39315b62ea6441d015c74d7d9,missing_field,patient_id,warning
615711ade98073a39315b62ea6441d015c74d7d9,missing_gender,gender null or unrecognized,note
ba5e65c89adc3328726fd10434004f77092c06e7,missing_field,patient_id,warning
ba5e65c89adc3328726fd10434004f77092c06e7,missing_gender,gender null or unrecognized,note
be10df125267af03a11fad4aecc84106d0610d91,missing_field,patient_id,warning
be10df125267af03a11fad4aecc84106d0610d91,missing_gender,gender null or unrecognized,note
d2b19817875ea59bb63011b3deded7b973fdab19,missing_field,patient_id,warning
d2b19817875ea59bb63011b3deded7b973fdab19,missing_gender,gender null or unrecognized,note
daf7fab2b656d7cfc698b1a83b398d8a41fd65e8,missing_field,patient_id,warning
daf7fab2b656d7cfc698b1a83b398d8a41fd65e8,missing_gender,gender null or unrecognized,note
7b299911575764b1304ab6d55f937ea3a3c4f2dd,missing_field,patient_id,warning
7b299911575764b1304ab6d55f937ea3a3c4f2dd,missing_gender,gender null or unrecognized,note
8495875881cc71d33a27790b48a692de613cb409,missing_field,patient_id,warning
8495875881cc71d33a27790b48a692de613cb409,missing_gender,gender null or unrecognized,note
db90421be2fb098c9ac7fbf6eee377ebe6a2946f,missing_field,patient_id,warning
db90421be2fb098c9ac7fbf6eee377ebe6a2946f,missing_gender,gender null or unrecognized,note
fbf371150438809f5b53163572d0546c3317a92e,missing_field,patient_id,warning
fbf371150438809f5b53163572d0546c3317a92e,missing_gender,gender null or unrecognized,note
f269c86bb3fdfbd183dfe3e8c11baa924f567743,missing_field,patient_id,warning
f269c86bb3fdfbd183dfe3e8c11baa924f567743,missing_gender,gender null or unrecognized,note
29f2f16ee736a7cf73b0166198d88f4355cad9ec,missing_field,patient_id,warning
29f2f16ee736a7cf73b0166198d88f4355cad9ec,missing_gender,gender null or unrecognized,note
dda286d0b15fd5ef8a31fbb5285ff5350789e87e,missing_field,patient_id,warning
dda286d0b15fd5ef8a31fbb5285ff5350789e87e,missing_gender,gender null or unrecognized,note
fce7d159960642b73b7c62af62f245a4234efa6c,missing_field,patient_id,warning
fce7d159960642b73b7c62af62f245a4234efa6c,missing_gender,gender null or unrecognized,note
ccdf7464cb54191289e63fcbf3c06845fa621075,missing_field,patient_id,warning
ccdf7464cb54191289e63fcbf3c06845fa621075,missing_gender,gender null or unrecognized,note
b664b30c408cbbdc64d62efd94b063950bcd636e,missing_field,patient_id,warning
b664b30c408cbbdc64d62efd94b063950bcd636e,missing_gender,gender null or unrecognized,note
8ddfe554d37264bc9620480fc5d6c1a3b6cde698,missing_field,patient_id,warning
8ddfe554d37264bc9620480fc5d6c1a3b6cde698,missing_gender,gender null or unrecognized,note
cbd9df564f03fd5e2c5da2527ac326aa4e509390,missing_field,patient_id,warning
cbd9df564f03fd5e2c5da2527ac326aa4e509390,missing_gender,gender null or unrecognized,note
2e31bd1c797101a4922be096c0855852dad96add,missing_field,patient_id,warning
2e31bd1c797101a4922be096c0855852dad96add,missing_gender,gender null or unrecognized,note
58c2af741430f31845ce07bf17c3faca55a08516,missing_field,patient_id,warning
58c2af741430f31845ce07bf17c3faca55a08516,missing_gender,gender null or unrecognized,note
9f04082877ec3faec358fc2e414e204506ea4626,missing_field,patient_id,warning
9f04082877ec3faec358fc2e414e204506ea4626,missing_gender,gender null or unrecognized,note
91be813d759e5744b5c65e968758c9747c8e4606,missing_field,patient_id,warning
91be813d759e5744b5c65e968758c9747c8e4606,missing_gender,gender null or unrecognized,note
cace5e729ddf35f4c966a23f47e16c49ec7f626e,missing_field,patient_id,warning
cace5e729ddf35f4c966a23f47e16c49ec7f626e,missing_gender,gender null or unrecognized,note
75e7fc0cf961c850ac7e225141d593525e047a2a,missing_field,patient_id,warning
75e7fc0cf961c850ac7e225141d593525e047a2a,missing_gender,gender null or unrecognized,note
e679e77cbcf4ab189bc09511c6c47af5517dcf41,missing_field,patient_id,warning
e679e77cbcf4ab189bc09511c6c47af5517dcf41,missing_gender,gender null or unrecognized,note
95c467ee446b00060ef0509dae65bd62cbef9101,missing_field,patient_id,warning
95c467ee446b00060ef0509dae65bd62cbef9101,missing_gender,gender null or unrecognized,note
c93a68a837ef965808e76fcf4f8fbe46aca2a4a7,missing_field,patient_id,warning
c93a68a837ef965808e76fcf4f8fbe46aca2a4a7,missing_gender,gender null or unrecognized,note
27099b4490a5e9911909e1de7c145f99c89be943,missing_field,patient_id,warning
27099b4490a5e9911909e1de7c145f99c89be943,missing_gender,gender null or unrecognized,note
e93a590ab94737bdcb2213a5d7bf7e2865450c5c,missing_field,patient_id,warning
e93a590ab94737bdcb2213a5d7bf7e2865450c5c,missing_gender,gender null or unrecognized,note
21f8b9e139e3dfaed34f2536a4a894a8b3726975,missing_field,patient_id,warning
21f8b9e139e3dfaed34f2536a4a894a8b3726975,missing_gender,gender null or unrecognized,note
35cad114cd8a0d695986fae8b7ee364109fe14c2,missing_field,patient_id,warning
35cad114cd8a0d695986fae8b7ee364109fe14c2,missing_gender,gender null or unrecognized,note
5651c9e0da4dd080e6ff5b628d6c52ca54f6be42,missing_field,patient_id,warning
5651c9e0da4dd080e6ff5b628d6c52ca54f6be42,missing_gender,gender null or unrecognized,note
22f97579f748d481bbffff9ed4f48744aadc8fd2,missing_field,patient_id,warning
22f97579f748d481bbffff9ed4f48744aadc8fd2,missing_gender,gender null or unrecognized,note
f4f0b1ce97517d697f56368ecbfed28a2096baea,missing_field,patient_id,warning
f4f0b1ce97517d697f56368ecbfed28a2096baea,missing_gender,gender null or unrecognized,note
58e26f8137c02a83ffdeb4e235c1e2945fbe5e3e,missing_field,patient_id,warning
58e26f8137c02a83ffdeb4e235c1e2945fbe5e3e,missing_gender,gender null or unrecognized,note
9cbe152912915d22d9cba6c6110c03527efda388,missing_field,patient_id,warning
9cbe152912915d22d9cba6c6110c03527efda388,missing_gender,gender null or unrecognized,note
3744b8f9fdb14b8bfeed814b66679f9010b98842,missing_field,patient_id,warning
3744b8f9fdb14b8bfeed814b66679f9010b98842,missing_gender,gender null or unrecognized,note
e0d2f9b70a2d6479d306b38a996d94a87a795e67,missing_field,patient_id,warning
e0d2f9b70a2d6479d306b38a996d94a87a795e67,missing_gender,gender null or unrecognized,note
360df11c33ab9012b7b360962fdb6def9f5cd4e7,missing_field,patient_id,warning
360df11c33ab9012b7b360962fdb6def9f5cd4e7,missing_gender,gender null or unrecognized,note
761183f3c863a7436867510d0c642c2fa47ee947,missing_field,patient_id,warning
761183f3c863a7436867510d0c642c2fa47ee947,missing_gender,gender null or unrecognized,note
36495826dc7292c945881c2ab2cb87912042ebef,missing_field,patient_id,warning
36495826dc7292c945881c2ab2cb87912042ebef,missing_gender,gender null or unrecognized,note
14e62143e10ac8726e563439395491ded50ed67a,missing_field,patient_id,warning
14e62143e10ac8726e563439395491ded50ed67a,missing_gender,gender null or unrecognized,note
90a562363461c7dfec55bad4a9262fb778d2c95a,missing_field,patient_id,warning
90a562363461c7dfec55bad4a9262fb778d2c95a,missing_gender,gender null or unrecognized,note
abe3867b4161aba302f515192694ecc9e0f3d827,missing_field,patient_id,warning
abe3867b4161aba302f515192694ecc9e0f3d827,missing_gender,gender null or unrecognized,note
38fd194dc963facab768b45a023674fbd50eba74,missing_field,patient_id,warning
38fd194dc963facab768b45a023674fbd50eba74,missing_gender,gender null or unrecognized,note
65c968aefc98ff057150f2b10b3cd210d842c2ed,missing_field,patient_id,warning
65c968aefc98ff057150f2b10b3cd210d842c2ed,missing_gender,gender null or unrecognized,note
0c3bd5097b2e527a3d8c5baea500cf5fff7d146a,missing_field,patient_id,warning
0c3bd5097b2e527a3d8c5baea500cf5fff7d146a,missing_gender,gender null or unrecognized,note
1f776e4ebbede9aaa594b4d7f2626c06838de8b4,missing_field,patient_id,warning
1f776e4ebbede9aaa594b4d7f2626c06838de8b4,missing_gender,gender null or unrecognized,note
ee245b6e60f7f008069bc29e682673b6401ad41c,missing_field,patient_id,warning
ee245b6e60f7f008069bc29e682673b6401ad41c,missing_gender,gender null or unrecognized,note
1611474a7518c4dfb873334e819a46eb2f70f14b,missing_field,sample_rate,error
1552367a261dac0dcda9c8fc9279d8cb3519a94b,missing_field,sample_rate,error
dc24160b4790796433bc333f699566b692c699ca,missing_field,sample_rate,error
dc24160b4790796433bc333f699566b692c699ca,missing_gender,gender null or unrecognized,note
e6f9df0d44b0c33bc2c802a7347c0ce9b1f5bef9,missing_gender,gender null or unrecognized,note
c51719e02857467d2f7e7c04762c1df755177691,missing_field,sample_rate,error
fc9e19bee3c41c1ed457ed9ccdaa624a64d79c6a,missing_field,sample_rate,error
3a6fd8c3744c55b96043fd042b5e92920942702a,missing_gender,gender null or unrecognized,note
41b5f597fd136bc9e91f881d80cd02dfe3b663a2,missing_field,sample_rate,error
7e245a35ca6a51b7ff7f6cec478f1233d7450f81,missing_gender,gender null or unrecognized,note
a1df2b5238a9d4fdb71dd6ed737eb240e3d71765,missing_field,sample_rate,error
a1df2b5238a9d4fdb71dd6ed737eb240e3d71765,missing_gender,gender null or unrecognized,note
c4f7159909c5469d9f117fa5cbcb1e31f8b8f8d8,missing_field,sample_rate,error
c4f7159909c5469d9f117fa5cbcb1e31f8b8f8d8,missing_gender,gender null or unrecognized,note
85b995c94bc312e7cf1947400abbe62239dd3e91,missing_field,sample_rate,error
85b995c94bc312e7cf1947400abbe62239dd3e91,missing_gender,gender null or unrecognized,note
15adf9bae764bfbd258e36451391322509019b06,missing_field,sample_rate,error
932125e66033ee2b7bbecdbd9c2de211f5e97535,missing_field,sample_rate,error
f77635d02ebbfa92a345e6ca1f605ea89bc18d7b,missing_field,sample_rate,error
f77635d02ebbfa92a345e6ca1f605ea89bc18d7b,missing_gender,gender null or unrecognized,note
d98d2fb6db9c6d2acee6630b5abd48f4fbf3e7e5,missing_field,sample_rate,error
d98d2fb6db9c6d2acee6630b5abd48f4fbf3e7e5,missing_gender,gender null or unrecognized,note
d453b78eac86011406dd98ede8d2e2a5a10cc213,missing_field,sample_rate,error
72cc8fd3c90a8c365ca15746861ed5f92b59175d,missing_field,sample_rate,error
72cc8fd3c90a8c365ca15746861ed5f92b59175d,missing_gender,gender null or unrecognized,note
ad99c0261f6b589cdb5954a253d8ce731fe258fb,missing_field,sample_rate,error
ad99c0261f6b589cdb5954a253d8ce731fe258fb,missing_gender,gender null or unrecognized,note
0819bee6baf5394364d8478ceec841249c050fac,missing_field,sample_rate,error
49f503eee26659eed1b009aa7937e097f112daff,missing_field,sample_rate,error
7344a35c30cfa7a40869cc15feee08d33789a4f2,missing_field,sample_rate,error
d851d93674a3bd02ff3e903891aa8184332fe8ad,missing_field,sample_rate,error
aae2494f1cdfc1a14c33a0ecf4f3e2deb9d02c09,missing_field,sample_rate,error
aae2494f1cdfc1a14c33a0ecf4f3e2deb9d02c09,missing_gender,gender null or unrecognized,note
a5e7c371adffc7e3abbf209e5e698c0d1176b73c,missing_field,sample_rate,error
a5e7c371adffc7e3abbf209e5e698c0d1176b73c,missing_gender,gender null or unrecognized,note
462b14dc33f67eabb155b00cc5d6ea5a77b37c5f,missing_field,sample_rate,error
462b14dc33f67eabb155b00cc5d6ea5a77b37c5f,missing_gender,gender null or unrecognized,note
fc1b46504e62bff5bcad37ffb8b9a96af1eb7e31,missing_field,sample_rate,error
98809ce37884764613d966da291e8cf500115ef1,missing_field,sample_rate,error
98809ce37884764613d966da291e8cf500115ef1,missing_gender,gender null or unrecognized,note
a23cf66d25e0d5067b4ad64e4f705cf0da924232,missing_field,sample_rate,error
a23cf66d25e0d5067b4ad64e4f705cf0da924232,missing_gender,gender null or unrecognized,note
21637d3fae36748a830d026fe744e94862ec49cc,missing_gender,gender null or unrecognized,note
185f37213a65cbf2ca617b68c49700e17c739940,missing_field,sample_rate,error
185f37213a65cbf2ca617b68c49700e17c739940,missing_gender,gender null or unrecognized,note
32e258d819d72f241935bb5e2e20a8fb8753a675,missing_field,sample_rate,error
32e258d819d72f241935bb5e2e20a8fb8753a675,missing_gender,gender null or unrecognized,note
5a53e8f2cba487ce33df373766d85c703eebb11d,missing_field,sample_rate,error
d648972ae71c97608e3d815b151d51ef8f7e7bc6,missing_field,sample_rate,error
a7f2a7435584bc8c2c2e34df8316b91cce14e445,missing_field,sample_rate,error
38f83b23c399b4005cdfc45d962e3afd59fc86b0,missing_field,sample_rate,error
38f83b23c399b4005cdfc45d962e3afd59fc86b0,missing_gender,gender null or unrecognized,note
d8acb09f25a63b4330ce9bc1f1452a023593c8b3,missing_field,sample_rate,error
3fb4d3c2415934985030a93498e4ebccfadb6a48,missing_field,sample_rate,error
3fb4d3c2415934985030a93498e4ebccfadb6a48,missing_gender,gender null or unrecognized,note
b6d76a86d6b5132b9bb898f41a4781483d2b48d9,missing_gender,gender null or unrecognized,note
790eb876e3b5d761f4e41bbfecfaff54d85143dd,missing_field,sample_rate,error
dc34ba30adb8fc43ca3259ae56a0e283b52b8850,missing_field,sample_rate,error
dc34ba30adb8fc43ca3259ae56a0e283b52b8850,missing_gender,gender null or unrecognized,note
5338f51272716c09790187369832c1abbca0b058,missing_field,sample_rate,error
5338f51272716c09790187369832c1abbca0b058,missing_gender,gender null or unrecognized,note
8511307260d9f92d81f9447ad7229b9c63861c6c,missing_field,sample_rate,error
5a9d4b5980b2c28300dc3bde67e5665b0fd6ee82,missing_field,sample_rate,error
5a9d4b5980b2c28300dc3bde67e5665b0fd6ee82,missing_gender,gender null or unrecognized,note
05a7efe9bb03a88ce218540466ee94dba74604ed,missing_field,sample_rate,error
05a7efe9bb03a88ce218540466ee94dba74604ed,missing_gender,gender null or unrecognized,note
9f4c226a618d8615825c956767b4493aa4f5cad9,missing_field,sample_rate,error
47df30aa55962afdc9880f606f960e3cea2176c2,missing_gender,gender null or unrecognized,note
fb5128e4c2dc5a75b5799f570be0d50d3c9510c5,missing_field,sample_rate,error
fb5128e4c2dc5a75b5799f570be0d50d3c9510c5,missing_gender,gender null or unrecognized,note
4f23b9b5dacd9a1300f3d6d7d94f52b0f30d8e2b,missing_field,sample_rate,error
4f23b9b5dacd9a1300f3d6d7d94f52b0f30d8e2b,missing_gender,gender null or unrecognized,note
b1953c4225ab68cd0acce62c8aeaf871d4653d48,missing_field,sample_rate,error
8c6a5a4bcb5595e6e0ac67fc1892c2cd748654d9,missing_field,sample_rate,error
8c6a5a4bcb5595e6e0ac67fc1892c2cd748654d9,missing_gender,gender null or unrecognized,note
58b51940d7810a928a4f6c55cf68a690a6bf6f0c,missing_field,sample_rate,error
58b51940d7810a928a4f6c55cf68a690a6bf6f0c,missing_gender,gender null or unrecognized,note
680a8836408faf61b9a3f559ced0c17411d3d985,missing_field,file_path,error
680a8836408faf61b9a3f559ced0c17411d3d985,missing_field,sample_rate,error
680a8836408faf61b9a3f559ced0c17411d3d985,missing_gender,gender null or unrecognized,note
680a8836408faf61b9a3f559ced0c17411d3d985,missing_field,file_path,error
